Year,DJF,JFM,FMA,MAM,AMJ,MJJ,JJA,JAS,ASO,SON,OND,NDJ
1950,1.261773270100007,1.2847047292330314,1.328736373396223,1.3583224088169916,1.341859498755204,1.3049521116664347,1.2178359709767532,1.1963245776872449,1.2280688490957699,1.2233197087881384,1.2318743391711087,1.2424082528949902
1951,1.2827477011711876,1.4277419615120837,1.3224799694505658,1.3486774199256044,1.3197776263935683,1.2432867114441484,1.1789499571614401,1.1853038545264698,1.1854661882609916,1.2049912405164225,1.221182831490743,1.2173312607236837
1952,1.2418453465490853,1.22496039875013,1.3182425799398745,1.3709414597474476,0.7972749391727494,1.2514278136796413,1.2450751824535662,1.2598894597718253,1.0608106832130568,1.102912839211837,1.356583838610351,1.1434354008549246
1953,1.2294171097601727,1.2625605390406727,1.3277793613038105,1.349203532231854,1.3117351993164923,1.2532103272731412,1.1954084941204612,1.182087066635781,1.1782228035702969,1.2073160180676266,1.1990425126419841,1.2140383967665882
1954,1.2337970002515148,1.2634525037518345,1.223908069058652,2.8812309946876873,1.3592029583007779,1.2656973375638019,1.2016094147366707,1.193141078503104,1.2020155051924564,1.2521869903875043,1.2768135079554064,1.2788378616437428
1955,1.3530691862674107,1.3619891635122097,1.4121894316635697,1.3899308160450967,1.3780901039473712,1.277712428919578,1.2055114956954616,1.2059132206285836,1.2092669792108035,1.2155807048232043,1.2260796358080506,1.240617234295183
1956,1.2443094629530698,1.2664981077381436,1.4045205122671753,1.4763593129126122,1.8398939405755241,1.0165873836608104,1.2173618707560219,1.2257568882808303,1.1868283112832632,1.315315775955273,1.280491259900213,1.2955167301375041
1957,0.0,1.307174783541607,1.3418008331348146,1.341998260665758,1.3250128229796987,1.2493260363630587,1.1854020913653438,1.173773264809628,1.1834935755062008,1.2021895726727752,1.2158922814539403,1.2310158284912844
1958,1.2482151319444184,1.2705836352862758,1.3097959772654026,1.343357700195001,1.3115827962586502,1.2495904800006812,1.1839813718208645,1.1318668921480983,1.168165693084174,1.1746447475284958,1.1900335217134534,1.2336460363096244
1959,1.246222586258169,1.259694773164123,1.312697592597181,1.3401045849086746,1.3431211006942738,1.401229014887552,1.2146861748434394,1.2251669471980167,1.295391204084994,1.1265723597034696,1.198863534590356,1.2045171733205233
1960,1.1900040098961209,1.235848196747073,1.2724554469176894,1.3277371646603977,1.3202090022033366,1.189730969970499,1.1132824499522231,1.1655031622471779,1.170362747090153,1.174787317473951,1.2817583645719348,1.3250005616084466
1961,1.2488994759409242,1.2100350040389278,1.026785333478402,1.1375583413693342,1.2226192458048988,1.2138793990533032,1.1680391508891008,1.3425086878589458,1.2423075628693783,1.2175401317890215,1.3475146357483496,0.9768734861188746
1962,6.309121540312876,4.256736129905311,0.0,1.4432510365948077,1.4444990194860277,1.4391184947487448,0.5585057879411968,1.2635374073151722,1.25648855774915,1.2154365285841608,1.231078423699033,1.265567185179225
1963,1.258249547601183,1.2388657844990554,1.26243197688418,1.2379881936245571,0.7214310613705155,1.1740064231880316,1.1763513960705325,1.178569281726864,1.191378063456556,1.2048808767574717,1.2121946061240205,1.2307725070480218
1964,1.2456819094398857,1.2449207511328335,1.0632272718054796,1.3674089564443026,1.3260363900200804,1.2638213759602628,1.2224063228610946,1.2041273619375719,1.211120567540749,1.2328830220199463,1.2341378456659935,1.2575513406279308
1965,1.2657910117445863,1.27568128730859,1.2999901569996128,1.3153389100150297,1.2768340220857402,1.2340232170822045,1.1846337046328441,1.1815307176552974,1.1933347357821011,1.208649246248595,1.2196616353990302,1.2294697128701841
1966,1.2410661748779295,1.2740115144828938,1.3181111392245943,1.3325795751206946,1.3011259449809602,1.1482435392028034,1.178611190468385,1.1570012234215539,0.0,1.5734933973589436,1.2932698382245118,1.2587672428845817
1967,1.2857630102874964,1.3369293865148004,1.3834151735229816,1.4017388204516381,1.7885423326215748,1.1691300054155649,1.2064542060031849,116.50844444444445,1.2517728772356311,1.3278156261871596,0.5588629903354155,1.7596837590900654
1968,1.293820639831191,1.3171379988136633,1.3193749623179138,1.3830836456120887,1.0139659618359975,1.1701034297577342,1.1786482537133682,1.1656869976267927,1.166185287916609,1.195503363356516,1.2080168054667586,1.2321871935029736
1969,1.2453802152784665,1.2651930812970917,1.3029782993334382,1.3308721262295555,1.3170829344468207,1.2562811501597444,1.161559817168539,1.1501920880624077,1.1797892642408498,1.1948046317407806,1.214153569927581,1.219428723880929
1970,1.2133060325094456,1.220987135886441,1.3348586947296952,1.3189036137422128,1.3424254795553316,1.1877687231178384,1.1908649341778836,1.1943360001139012,1.2021979549124624,1.2293037854054776,1.2452428660263941,1.239506694777128
1971,1.2603438357712689,1.2812752275417347,1.3324289112136845,1.3631784551102515,1.324788983001774,1.280101359377062,1.230244897001426,1.2201786750491064,1.2199837114601513,1.232000313313882,1.2261831457255854,1.246490217874147
1972,1.2679371830650696,1.255211747180252,1.3280048126395112,1.339157401286135,1.3009399539321815,1.2393920384608768,1.1826513118841266,1.1803034899738962,1.191951813575652,1.207195267390098,1.2191189884892493,1.2297806969570564
1973,1.2440725549038587,1.2641511981621043,1.2680173301697573,1.4783782379122548,1.32091790846455,1.25119564396845,1.2023224348456958,1.1850266767544708,1.200610897150967,1.2125866517334127,1.2234162081599078,1.2341296551452157
1974,1.252856309330126,1.2852361764390445,1.320117330066089,1.3609299441394875,1.3731143985701137,1.300141184561617,1.2135637353938826,1.2021934201762334,1.260059483475143,1.242905684829392,1.2372240013438962,1.2563241553225233
1975,1.244937173914478,1.4195917687244857,1.3634152144671952,1.3689577440271556,1.3058622637374901,1.2474842270522215,1.2031572783368825,1.1965844288102803,1.1977179586200892,1.2213863056562102,1.232850010489422,1.2390530594169236
1976,1.248939143692034,1.2737073701888457,1.354139260122651,1.423829710191782,0.4499296298415256,1.1574096594052605,1.1820934558367624,1.174675208284927,1.1865208218729897,1.2011426792338669,1.2133175623553614,1.2271861224171339
1977,1.24383165698752,1.2647153857481916,1.2739597977208381,1.2942253673237438,1.214679352526875,1.2112418178276607,1.1938227801663819,1.1763487094788834,1.2008650581668125,1.2100710907028853,1.2132721841208398,1.220060770064427
1978,1.2393426831600522,1.2607530422786128,1.2289920300046884,1.7171004366812221,1.3550216810728544,1.2991574982654377,1.2020359189912115,1.196987696774103,1.2034222756228605,1.273728792970807,1.1912026658588306,1.2226337654710189
1979,1.2489561449281936,1.2600317238211716,1.2891729072693345,1.337617748197449,1.2854073627036815,1.3071254051358763,0.9691837017638446,1.1697400766011732,1.1808115313626109,1.2034915986974635,1.2157836622934153,1.2284206171677936
1980,1.233898730571762,1.24169334706387,1.2561687772339856,1.29814805426023,1.2346481452946976,1.214489759336832,1.2421573505271535,1.2235711451842517,1.2071560689205265,1.2804341749996613,1.1585560729224214,1.1574443590456411
1981,2.111888287159292,1.309459039443499,1.380622217763678,1.407573783573157,1.3929710724649662,1.254623838011965,1.2459658887388756,1.2408693937122799,1.190391281313855,1.2330840604305404,1.2617086279408225,1.2620774322968915
1982,1.2536231632032,1.2396069426283831,1.315223209903474,1.3337464560252181,1.2875014767470414,1.2526910743779713,1.187867979685266,1.1845396813023255,1.1957688230088537,1.2087356579439505,1.2201379229140226,1.2309299227708963
1983,1.2474430196864665,1.2737448651433918,1.3121283773151722,1.3537394086171717,1.3424356860109778,1.3368816358418194,1.3471683891965969,1.2052557546035165,1.2025795616238115,1.216088079296108,1.2212107993647434,1.2393640454196988
1984,1.261392222657861,1.3080326636621558,1.3560367388697092,1.3655804590343414,1.3228640340762645,1.289017329151026,1.2412641589002853,1.2249214573340848,1.2542382187844425,1.2320204838724174,1.2246966573288716,1.2397404175795308
1985,1.2481114227859138,1.2958008226364346,1.3438580462447893,1.3660760373192664,1.3347645408908313,1.2981359487873616,1.2350277678635164,1.2418589227343793,1.2310962831061847,1.2706076232278216,1.3051575428530788,1.273313878405416
1986,1.2876090680100754,1.302279300827967,1.3713857760400892,1.386385277433247,1.423418045397329,-4.439356477561389,1.1516939515209206,1.1855304147288719,1.1917270588506097,1.2105761008690272,1.2218115135508223,1.2293356700322764
1987,1.2435242641898507,1.2743590743856017,1.3082001845859765,1.3474947745045567,1.3185797696070696,1.2353339638847762,1.1847078230740888,1.1778162691982679,1.1933075871284076,1.2016884686251716,1.211189284628241,1.2288924069485696
1988,1.2275404923073723,1.121907985604513,1.3660032915448985,1.3701837146721885,1.3076381280360494,1.259185656017723,1.2069030349705188,1.189392491535894,1.194813418230351,1.2177711814103176,1.2237573939117061,1.2330271100951355
1989,1.2490440093028345,1.2815125821528677,1.3332837250221088,1.366120803482813,1.3739849613955397,1.2984177435115734,1.213394422565635,1.180367092057398,1.204467807596538,1.2302667922693156,1.2758597892986419,1.2468204518430446
1990,1.2350172990003387,1.25938938754594,1.2856334085156058,1.3266956265024674,1.3213487438430178,1.211223071443698,1.1456786286602245,1.1797740213159134,1.1896873388388836,1.1966200612013729,1.2165395622244566,1.2124938956834146
1991,1.2475890744936071,1.26878621655353,1.3034835970149843,1.3539552290810115,1.298251377396257,1.2464026553581498,1.1887195891436626,1.171678468920134,1.1942770064901431,1.2044199064254046,1.2191474596602672,1.229603611497362
1992,1.247005564358487,1.2787807098428239,1.3247804273188115,1.3544570337327362,1.338265161317377,1.2749161060225338,1.2082545891821463,1.1494154988417158,1.168119558511003,1.1885292850827818,1.1746191617139126,1.225986798150672
1993,1.2374427643069568,1.2676179708529731,1.3223856970796641,1.346793308183823,1.3316614865946057,1.284549391456527,1.1823160933172527,1.1698940087024434,1.175425650670482,1.1987676932023972,1.21742554471539,1.2300149142847567
1994,1.2228305949649205,1.2602445790976011,1.3060635993414784,1.3330979939293452,1.3022391674221632,1.2256448053885671,1.1737443978705222,1.1766358123204597,1.1885751017292538,1.2115411975189134,1.2141346050657174,1.2254775078796378
1995,1.2399843675459472,1.2648980862832377,1.295234102570629,1.317091429791617,1.3029180029111398,1.2505011217078996,1.1947602602676786,1.194117244346296,1.198919446965784,1.2153589710568187,1.2296872283770919,1.2346683772380882
1996,1.2552831376031324,1.288490672585298,1.3243266956909279,1.3574923373345589,1.3513227440495421,1.2732261426533233,1.2522054813605878,1.1947632485481956,1.2371556331630427,1.2467058122281265,1.2463528019609502,1.266153577109166
1997,1.2866965583062269,1.1991034535335823,1.3111892000568834,1.3372903468561526,1.2977838572939615,1.2390447055734262,1.1846020055873665,1.1809290512969506,1.1931929010077806,1.2109746038395968,1.221256198689346,1.23196095244377
1998,1.2450966824803074,1.2703785024456877,1.3075164061823934,1.3390916601324778,2.719201778216843,1.1478737321734827,1.1962641084666013,1.190571493452426,1.197338924001093,1.2169379997835945,1.2240937496617672,1.2362681200634071
1999,1.251785127044821,1.2769822292670026,1.334298217577101,1.3703442492621676,1.3357516002034,1.2570402916122494,1.195314541249375,1.1909887052409514,1.1957096795052158,1.2179606172952244,1.2234331071170408,1.2363862400909427
2000,1.2481971131590237,1.2810648163691642,1.3260878148416517,1.3649886392325172,1.3524760402980756,1.2959723150445395,1.2088698378957632,1.196743899271402,1.2241245243860255,1.2296383898112353,1.2300103048391169,1.2393300547141202
2001,1.2570818554302192,1.2954531542254721,1.3229816343290772,1.3722655521839238,1.3949262155664728,1.4813708338729237,0.6091649883810996,1.72851695148085,1.4475096631695197,1.2693031096445608,1.2349461440037222,1.2628215723909526
2002,1.2585366146398547,1.2618243080625753,1.1813018225515723,1.2225915273999222,1.235036583885958,1.2109539107611549,1.1884335881467492,1.179020908254422,1.1962012049212976,1.2037050137850391,1.2223922062683632,1.2256452176815344
2003,1.2381693457940464,1.268874150360453,1.2555050704870585,1.3742804718217563,1.3807347583724707,1.3904896897722836,1.1375309177695814,1.1442987058129288,1.1921320772382558,1.194187229519399,1.209404180455938,1.2005095824255125
2004,1.236896123744756,1.2426831002607253,1.209084899133548,1.3150792441612011,1.229493724757893,1.2069939568345323,1.1707922574526568,1.170461152195647,1.1883644861304874,1.2103888508391885,1.2098741121035235,1.2332249204857557
2005,1.2363609050137343,1.2613461804490476,1.3025539884569812,1.3183444252594172,1.2973144176839329,1.303118475559238,1.3315626543253427,1.1857410922947236,1.2893648939440516,1.2601225781469068,1.2286675342814604,1.2474784876957845
2006,1.2563101385015985,1.2839983222720266,1.3317562806701508,1.3655704115297795,1.3841914237278714,1.6412037230268377,1.1709013667900783,1.1866193889098453,1.1945022643425014,1.2098494893765885,1.2234296396398707,1.2222093818183724
2007,1.2304133153757597,1.1625762937366608,1.3944077022642245,1.3852469875498739,1.353988067767429,1.2763197972819702,1.1951708793814058,1.1970795235044487,1.208174272449159,1.2153408708655846,1.2295052636107329,1.2364540722255095
2008,1.252265846873195,1.2811011264765992,1.321078746357077,1.3614560563033296,1.3493681528443846,1.3200945847321561,1.2510766579392172,1.1859720213964466,1.2063939866836195,1.218158642940269,1.227685811184381,1.2393811262944359
2009,1.2559969123068528,1.291323248701792,1.3366948451881016,1.3614498372496089,2.040348692403487,1.1918570860249682,1.1643968958012094,1.176061013907582,1.192924347669297,1.2049634412280326,1.2200882506810022,1.2304547052338093
2010,1.246048085312865,1.2725603852057887,1.2890092238694644,1.346019357654489,1.2842935203300097,1.2372763795785235,1.194207461547729,1.18852237162917,1.1980839050776635,1.2103828919148996,1.2266018288735823,1.2325460952390581
2011,1.2510604231654903,1.2808812881732372,1.3311109269226438,1.3660011061694086,1.348693058237458,1.3086705016568878,1.1961633029832586,1.1969956788381864,1.2006608513204486,1.2203066739306698,1.223230068354498,1.2340241157635106
2012,1.2561703928432517,1.2801857908523506,1.3480474334317245,1.3706648297154522,1.4365164852921548,0.37376170334109593,1.1601366115333038,1.1662879008658376,1.1873626481245716,1.1917270044234058,1.5319109148756571,1.241996209728364
2013,1.2601920278296137,1.288695367189409,1.3258523041034669,1.3622212511662513,1.33967655043918,1.282951669337448,1.2159674270878298,1.192138791043526,1.2102457189024354,1.2298481660506115,1.2217285818496204,1.2424649574750073
2014,1.267525862844463,1.2686567937187845,1.2805835992965544,1.2894922227273744,1.302866609603225,-0.0,1.2066996196885174,1.1717678611338749,1.1913380041658777,1.201768261667798,1.2168463158497975,1.2145607444974744
2015,1.2293389029044852,1.2658778483472866,1.3283963016351763,1.3476108469348411,1.307374443488713,1.239987046121527,1.1866257330507266,1.1777914488687475,1.1908639536703185,1.2079664832283727,1.220038406811178,1.2285918219412824
2016,1.2482853182082168,1.2727604470535534,1.308357408448974,1.335247468890073,1.7423753409861937,1.2048346480258236,1.1931545090423594,1.1971260401867263,1.2076964059322057,1.2172064257753301,1.2274764271923586,1.2381009727216927
2017,1.2472307576412376,1.280052085452696,1.3414809023582428,1.3976789237030582,1.6782586427656851,1.3728710149038759,1.208997734123828,1.1976049141171623,1.203209065256472,1.219650298730749,1.2281342989825907,1.2323580623057113
2018,1.254057131551399,1.2880105574470633,1.326241942737221,1.369810446280491,1.4055407612006987,2.5736136791295086,1.114883708567024,1.156055437394057,1.2104806719732617,1.1977882126937764,1.217404233428511,1.227149297369424
2019,1.2466082805146128,1.283507305398689,1.304217977626162,1.33887640232885,1.3225815307555604,1.2552451384639944,1.2736514363220424,1.2083230155630813,0.9548133309051174,1.194767786336083,1.2196689118907749,1.2068529336881495
2020,1.2231144290213463,1.2797500488185902,1.0524349280695875,1.3430104478682454,1.2947707781419784,1.2741787938045273,1.2120618838936805,1.1962237916160015,1.1978894816802945,1.218518748063217,1.2215509630882657,1.2334406540795912
2021,1.2498753724918878,1.2844451149715634,1.326773343205873,1.3671668367670828,1.3492888258113351,1.2714644641038806,1.188267394613679,1.1903521635177914,1.2044349544050899,1.21115139346787,1.2264625194547942,1.231696252971896
2022,1.2584004035604446,1.2863737638094355,1.3329564770278413,1.3599750212559505,1.3399390702090603,1.2786636772835407,1.1983619547113646,1.1858265981073193,1.2031539168741074,1.2123013364985897,1.2222006620502244,1.232906770421361
2023,1.2526269955114595,1.2796018395777204,1.3226539458294155,1.3683603401341453,2.065820390740433,1.1949357087234813,1.1744591741210013,1.1872475112054282,1.1914100236202063,1.2120498211021247,1.215912372438911,1.2259383370179986
2024,1.237438284261747,1.2650680723506538,1.2860052249817984,1.240355657196931,1.308158190210837,1.2656578914428156,1.2045364266356586,1.1858413742129095,1.2018604438980274,1.2142706919670068,1.2294374213903516,1.2452260510860904
2025,1.257213196829773,1.2822182985461406,1.3386042073392461,1.3704893235488376,1.3727112591547452,1.2705734096263883,1.21599818978928,1.198374118965771,1.2031168770036276,1.2163868053499738,1.234231247197489,1.2429418245755874
2026,1.2585667016340283,1.2852268490146115,1.3174996335308777,1.4311448784149596,1.3049520232848346,1.2372813965577505,1.1977384745890831,,,,,
